,user.id,image,emotion
0,302,Abdel_Nasser_Assidi_0002.jpg,neutral
1,302,Abdullah_Gul_0010.jpg,neutral
2,302,Abdullah_Gul_0013.jpg,neutral
3,302,Adam_Rich_0001.jpg,neutral
4,302,Adelina_Avila_0001.jpg,neutral
5,302,Adel_Al-Jubeir_0001.jpg,neutral
6,302,Adel_Al-Jubeir_0003.jpg,neutral
7,302,Adolfo_Aguilar_Zinser_0001.jpg,neutral
8,302,Adoor_Gopalakarishnan_0001.jpg,neutral
9,302,Adrien_Brody_0003.jpg,happiness
10,302,Adrien_Brody_0006.jpg,happiness
11,302,Adrien_Brody_0011.jpg,happiness
12,302,Ahmed_Chalabi_0002.jpg,neutral
13,302,Ahmed_Chalabi_0005.jpg,neutral
14,302,Aicha_El_Ouafi_0003.jpg,neutral
15,302,Ainsworth_Dyer_0001.jpg,neutral
16,302,Ain_Seppik_0001.jpg,neutral
17,302,Ai_Sugiyama_0005.jpg,happiness
18,302,Akbar_Al_Baker_0001.jpg,happiness
19,302,Alan_Ball_0001.jpg,happiness
20,302,Alan_Greenspan_0002.jpg,happiness
21,302,Alberto_Fujimori_0002.jpg,neutral
22,302,Alberto_Gonzales_0001.jpg,neutral
23,302,Albert_Costa_0005.jpg,neutral
24,302,Albert_Costa_0006.jpg,neutral
25,302,Alejandro_Atchugarry_0002.jpg,neutral
26,302,Alejandro_Toledo_0003.jpg,neutral
27,302,Alejandro_Toledo_0009.jpg,happiness
28,302,Alexander_Lukashenko_0001.jpg,anger
29,302,Alexandre_Daigle_0001.jpg,happiness
30,302,Alex_Penelas_0002.jpg,neutral
31,302,Alfonso_Cuaron_0001.jpg,neutral
32,302,Alimzhan_Tokhtakhounov_0002.jpg,neutral
33,302,Ali_Adbul_Karim_Madani_0001.jpg,happiness
34,302,Ali_Fallahian_0001.jpg,neutral
35,302,Ali_Hammoud_0001.jpg,happiness
36,302,Ali_Naimi_0005.jpg,neutral
37,302,Allan_Wagner_0001.jpg,neutral
38,302,Alvaro_Silva_Calderon_0002.jpg,happiness
39,302,Alvaro_Silva_Calderon_0004.jpg,neutral
40,302,Alvaro_Uribe_0026.jpg,neutral
41,302,Alvaro_Uribe_0029.jpg,neutral
42,302,Alvaro_Uribe_0032.jpg,happiness
43,302,Aly_Wagner_0001.jpg,happiness
44,302,Al_Sharpton_0006.jpg,neutral
45,302,Amanda_Bynes_0001.jpg,happiness
46,302,Amr_Moussa_0001.jpg,neutral
47,302,Ana_Isabel_Sanchez_0001.jpg,neutral
48,302,Ana_Palacio_0002.jpg,neutral
49,302,Anders_Fogh_Rasmussen_0002.jpg,happiness
50,302,Andrea_Bocelli_0001.jpg,neutral
51,302,Andrea_De_Cruz_0001.jpg,happiness
52,302,Andy_Roddick_0001.jpg,neutral
53,302,Andy_Roddick_0014.jpg,neutral
54,302,Andy_Warhol_0001.jpg,neutral
55,302,Angelina_Jolie_0019.jpg,neutral
56,302,Anibal_Ibarra_0001.jpg,happiness
57,302,Anna_Kournikova_0007.jpg,neutral
58,302,Annette_Lu_0001.jpg,happiness
59,302,Anne_McLellan_0002.jpg,neutral
60,302,Ann_Veneman_0002.jpg,neutral
61,302,Ann_Veneman_0003.jpg,happiness
62,302,Ann_Veneman_0006.jpg,neutral
63,302,Anthony_Fauci_0002.jpg,happiness
64,302,Anthony_Principi_0001.jpg,neutral
65,302,Antonio_Banderas_0001.jpg,neutral
66,302,Antony_Leung_0002.jpg,happiness
67,302,Ariel_Sharon_0027.jpg,neutral
68,302,Ariel_Sharon_0050.jpg,neutral
69,302,Ariel_Sharon_0058.jpg,neutral
70,302,Ariel_Sharon_0072.jpg,neutral
71,302,Ariel_Sharon_0077.jpg,neutral
72,302,Ari_Fleischer_0006.jpg,neutral
73,302,Ari_Fleischer_0010.jpg,happiness
74,302,Ari_Fleischer_0011.jpg,neutral
75,302,Arnaud_Clement_0002.jpg,neutral
76,302,Arnie_Boehm_0001.jpg,neutral
77,302,Arnoldo_Aleman_0003.jpg,neutral
78,302,Arnold_Palmer_0003.jpg,neutral
79,302,Ashlea_Talbot_0001.jpg,happiness
80,302,Askar_Akayev_0001.jpg,neutral
81,302,Atal_Bihari_Vajpayee_0016.jpg,neutral
82,302,Atiabet_Ijan_Amabel_0001.jpg,happiness
83,302,Avril_Lavigne_0001.jpg,happiness
84,302,Azra_Akin_0003.jpg,happiness
85,302,Barbara_Roberts_0001.jpg,neutral
86,302,Barry_Alvarez_0001.jpg,surprise
87,302,Barry_Williams_0001.jpg,happiness
88,302,Barry_Zito_0002.jpg,neutral
89,302,Bartosz_Kizierowski_0001.jpg,happiness
90,302,Barzan_al-Tikriti_0001.jpg,neutral
91,302,Basdeo_Panday_0001.jpg,neutral
92,302,Bashar_Assad_0003.jpg,neutral
93,302,Beecher_Ray_Kirby_0001.jpg,happiness
94,302,Benazir_Bhutto_0003.jpg,neutral
95,302,Benazir_Bhutto_0004.jpg,happiness
96,302,Bertie_Ahern_0004.jpg,neutral
97,302,Bettina_Rheims_0001.jpg,neutral
98,302,Billy_Bob_Thornton_0001.jpg,happiness
99,302,Bill_Clinton_0001.jpg,neutral
100,302,Bill_Gates_0011.jpg,happiness
101,302,Bill_Gates_0013.jpg,neutral
102,302,Bill_Guerin_0001.jpg,neutral
103,302,Bill_Kollar_0001.jpg,neutral
104,302,Bill_McBride_0002.jpg,happiness
105,302,Bobby_Kielty_0001.jpg,happiness
106,302,Bob_Hope_0002.jpg,happiness
107,302,Bob_Taft_0001.jpg,neutral
108,302,Bode_Miller_0001.jpg,happiness
109,302,Bode_Miller_0002.jpg,happiness
110,302,Brandon_Fails_0001.jpg,happiness
111,302,Brandon_Robinson_0001.jpg,neutral
112,302,Brandon_Spann_0001.jpg,neutral
113,302,Brendan_Stai_0001.jpg,happiness
114,302,Brian_Kerr_0001.jpg,happiness
115,302,Brian_Mulroney_0002.jpg,neutral
116,302,Britney_Spears_0005.jpg,happiness
117,dwdii,Britney_Spears_0012.jpg,happiness
118,302,Britney_Spears_0013.jpg,happiness
119,302,Bruce_Springsteen_0002.jpg,happiness
120,302,Buford_Blount_0001.jpg,happiness
121,302,Bulent_Ecevit_0001.jpg,neutral
122,302,Butch_Davis_0001.jpg,neutral
123,302,Camilla_Parker_Bowles_0001.jpg,happiness
124,302,Candie_Kung_0001.jpg,happiness
125,302,Carla_Del_Ponte_0001.jpg,neutral
126,302,Carla_Tricoli_0001.jpg,happiness
127,302,Carlos_Ghosn_0001.jpg,neutral
128,302,Carlos_Lordkipanitse_0001.jpg,neutral
129,302,Carlos_Menem_0008.jpg,neutral
130,302,Carlos_Menem_0012.jpg,happiness
131,dwdii,Carlos_Menem_0014.jpg,happiness
132,302,Carlos_Moya_0006.jpg,neutral
133,302,Carlos_Moya_0014.jpg,neutral
134,dwdii,Carmen_Electra_0005.jpg,happiness
135,302,Carmen_Electra_0006.jpg,happiness
136,302,Carolina_Moraes_0001.jpg,happiness
137,302,Carrie-Anne_Moss_0004.jpg,happiness
138,302,Carson_Palmer_0001.jpg,happiness
139,302,Carson_Palmer_0004.jpg,neutral
140,302,Cate_Blanchett_0001.jpg,happiness
141,dwdii,Cate_Blanchett_0002.jpg,neutral
142,302,Celine_Dion_0001.jpg,happiness
143,dwdii,Celine_Dion_0006.jpg,happiness
144,302,Charles_Ingram_0001.jpg,happiness
145,302,Charles_Moose_0004.jpg,anger
146,302,Charles_Pickering_0001.jpg,neutral
147,302,Charles_Rogers_0001.jpg,neutral
148,302,Charles_Taylor_0006.jpg,neutral
149,302,Charlotte_Chambers_0001.jpg,sadness
150,302,Charlotte_Church_0001.jpg,happiness
151,302,Charlton_Heston_0005.jpg,neutral
152,302,Chelsea_Clinton_0001.jpg,happiness
153,302,Chen_Tsai-chin_0001.jpg,neutral
154,302,Cherie_Blair_0004.jpg,happiness
155,302,Chick_Hearn_0001.jpg,happiness
156,302,Christine_Ebersole_0001.jpg,happiness
157,302,Christine_Todd_Whitman_0006.jpg,neutral
158,302,Christopher_Reeve_0003.jpg,happiness
159,302,Christopher_Speer_0001.jpg,neutral
160,302,Chris_Noth_0001.jpg,happiness
161,dwdii,Chris_Terry_0001.jpg,neutral
162,302,Ciro_Gomes_0002.jpg,happiness
163,302,Claire_Danes_0003.jpg,happiness
164,302,Claudia_Pechstein_0004.jpg,happiness
165,302,Claudio_Ranieri_0001.jpg,neutral
166,302,Colin_Powell_0008.jpg,neutral
167,302,Colin_Powell_0059.jpg,neutral
168,302,Colin_Powell_0083.jpg,neutral
169,302,Colin_Powell_0087.jpg,neutral
170,302,Colin_Powell_0095.jpg,neutral
171,302,Colin_Powell_0096.jpg,neutral
172,302,Colin_Powell_0097.jpg,neutral
173,302,Colin_Powell_0111.jpg,neutral
174,302,Colin_Powell_0121.jpg,neutral
175,302,Colin_Powell_0130.jpg,neutral
176,302,Colin_Powell_0147.jpg,neutral
177,302,Colin_Powell_0149.jpg,anger
178,302,Colin_Powell_0151.jpg,neutral
179,302,Colin_Powell_0152.jpg,neutral
180,302,Colin_Powell_0155.jpg,neutral
181,302,Colin_Powell_0156.jpg,neutral
182,302,Colin_Powell_0162.jpg,happiness
183,302,Colin_Powell_0166.jpg,neutral
184,302,Colin_Powell_0190.jpg,neutral
185,302,Colin_Powell_0192.jpg,neutral
186,302,Colin_Powell_0193.jpg,neutral
187,302,Colin_Powell_0195.jpg,neutral
188,302,Colin_Powell_0196.jpg,neutral
189,302,Colin_Powell_0198.jpg,neutral
190,302,Colin_Powell_0199.jpg,neutral
191,302,Colin_Powell_0205.jpg,neutral
192,302,Colin_Powell_0221.jpg,neutral
193,302,Colin_Powell_0232.jpg,neutral
194,302,Columba_Bush_0001.jpg,neutral
195,302,Compay_Segundo_0001.jpg,neutral
196,302,Condoleezza_Rice_0001.jpg,happiness
197,302,Costas_Simitis_0003.jpg,neutral
198,302,Cristina_Kirchner_0001.jpg,happiness
199,302,Curt_Weldon_0001.jpg,neutral
200,302,Cynthia_Rowley_0001.jpg,happiness
201,302,Daisy_Fuentes_0003.jpg,happiness
202,302,Dale_Bosworth_0001.jpg,neutral
203,302,Damon_Dash_0001.jpg,happiness
204,302,Daniel_Chin_0001.jpg,happiness
205,302,Daniel_Day-Lewis_0003.jpg,neutral
206,302,Daniel_Pearl_0001.jpg,neutral
207,302,Daniel_Radcliffe_0001.jpg,happiness
208,302,Danny_Avalon_0001.jpg,happiness
209,302,Danny_Green_0001.jpg,surprise
210,302,Dan_Bylsma_0001.jpg,neutral
211,302,Dan_Kellner_0001.jpg,happiness
212,302,Dan_Morales_0003.jpg,neutral
213,302,Dan_Reeves_0001.jpg,neutral
214,302,Dan_Snyder_0001.jpg,happiness
215,302,Dario_Franchitti_0001.jpg,surprise
216,302,Darrell_Porter_0002.jpg,neutral
217,302,Daryl_Sabara_0001.jpg,neutral
218,302,Dave_Tucker_0001.jpg,neutral
219,302,David_Ballantyne_0001.jpg,neutral
220,302,David_Beckham_0015.jpg,neutral
221,302,David_Beckham_0030.jpg,happiness
222,302,David_Heymann_0001.jpg,neutral
223,302,David_McKiernan_0001.jpg,neutral
224,302,David_Rivkin_Jr_0001.jpg,neutral
225,302,David_Stern_0003.jpg,happiness
226,dwdii,David_Welch_0001.jpg,neutral
227,302,Debra_Messing_0003.jpg,happiness
228,302,Deepa_Mehta_0001.jpg,happiness
229,302,Dennis_Archer_0001.jpg,happiness
230,302,Dennis_Hastert_0005.jpg,neutral
231,302,Dennis_Kucinich_0003.jpg,neutral
232,302,Dennis_Kucinich_0004.jpg,anger
233,302,Dennis_Kucinich_0006.jpg,anger
234,302,Desiree_Lemosi_0002.jpg,happiness
235,302,Dexter_Jackson_0002.jpg,neutral
236,302,Dick_Cheney_0013.jpg,happiness
237,302,Dino_de_Laurentis_0001.jpg,neutral
238,302,Dolma_Tsering_0002.jpg,happiness
239,302,Donald_Carty_0001.jpg,neutral
240,302,Donald_Regan_0001.jpg,neutral
241,302,Donald_Rumsfeld_0008.jpg,happiness
242,302,Donald_Rumsfeld_0009.jpg,happiness
243,302,Donald_Rumsfeld_0027.jpg,anger
244,302,Donald_Rumsfeld_0054.jpg,neutral
245,302,Donald_Rumsfeld_0064.jpg,neutral
246,302,Donald_Rumsfeld_0072.jpg,neutral
247,302,Donald_Rumsfeld_0087.jpg,neutral
248,302,Donald_Rumsfeld_0112.jpg,neutral
249,302,Donna_Barrera_0001.jpg,neutral
250,302,Donna_Morrissey_0001.jpg,neutral
251,302,Donny_Osmond_0001.jpg,happiness
252,302,Don_Flanagan_0001.jpg,happiness
253,302,Don_Henley_0001.jpg,neutral
254,302,Douglas_Meester_0001.jpg,happiness
255,302,Drew_Barrymore_0002.jpg,neutral
256,302,Drew_Gooden_0001.jpg,happiness
257,302,Du_Qinglin_0001.jpg,happiness
258,302,Eddie_Fenech_Adami_0001.jpg,neutral
259,302,Eduardo_Chillida_0001.jpg,neutral
260,302,Eduard_Shevardnadze_0001.jpg,neutral
261,302,Edward_Said_0002.jpg,happiness
262,302,Elgin_Baylor_0001.jpg,neutral
263,302,Eliane_Karp_0002.jpg,happiness
264,302,Elisabeth_Welch_0001.jpg,happiness
265,302,Elizabeth_Taylor_0001.jpg,happiness
266,302,Ellen_DeGeneres_0001.jpg,happiness
267,302,Ellen_Engleman_0002.jpg,neutral
268,302,Elvis_Presley_0002.jpg,neutral
269,302,Elvis_Stojko_0001.jpg,happiness
270,302,Emily_Robison_0001.jpg,happiness
271,302,Emmanuelle_Beart_0001.jpg,happiness
272,302,Emmanuel_Milingo_0001.jpg,neutral
273,302,Emma_Watson_0003.jpg,happiness
274,302,Emmit_Smith_0001.jpg,neutral
275,302,Enrique_Iglesias_0001.jpg,neutral
276,302,Erika_Harold_0002.jpg,fear
277,302,Ernie_Fletcher_0002.jpg,neutral
278,302,Ernie_Grunfeld_0001.jpg,happiness
279,302,Erwin_Mapasseng_0001.jpg,neutral
280,302,Eurico_Guterres_0001.jpg,neutral
281,302,Evo_Morales_0001.jpg,neutral
282,302,Faisal_Saleh_Hayat_0001.jpg,neutral
283,302,Felipe_Perez_Roque_0001.jpg,neutral
284,302,Felipe_Perez_Roque_0004.jpg,neutral
285,302,Felix_Doh_0001.jpg,neutral
286,302,Felix_Sanchez_0001.jpg,happiness
287,302,Ferenc_Madl_0001.jpg,neutral
288,302,Fernando_Gonzalez_0003.jpg,neutral
289,302,Fidel_Castro_0013.jpg,neutral
290,302,Francois_Pienaar_0001.jpg,happiness
291,302,Franco_Frattini_0001.jpg,neutral
292,302,Frank_Dunham_Jr_0001.jpg,neutral
293,302,Frank_Shea_0001.jpg,neutral
294,302,Frank_Zappa_0001.jpg,happiness
295,302,Fred_Eckhard_0002.jpg,neutral
296,302,Fred_Eckhard_0003.jpg,neutral
297,302,Fred_Thompson_0002.jpg,neutral
298,302,Gabriel_Farhi_0001.jpg,neutral
299,302,Gary_Leon_Ridgway_0001.jpg,neutral
300,302,Gene_Robinson_0001.jpg,happiness
301,302,Gennifer_Flowers_0001.jpg,neutral
302,302,Geoff_Hoon_0003.jpg,neutral
303,302,George_Clooney_0008.jpg,happiness
304,302,George_Harrison_0001.jpg,neutral
305,302,George_Lopez_0005.jpg,happiness
306,302,George_Robertson_0008.jpg,neutral
307,302,George_W_Bush_0059.jpg,neutral
308,302,George_W_Bush_0078.jpg,neutral
309,302,George_W_Bush_0113.jpg,neutral
310,302,George_W_Bush_0129.jpg,neutral
311,302,George_W_Bush_0140.jpg,neutral
312,302,George_W_Bush_0163.jpg,sadness
313,302,George_W_Bush_0184.jpg,neutral
314,302,George_W_Bush_0207.jpg,happiness
315,302,George_W_Bush_0214.jpg,happiness
316,302,George_W_Bush_0220.jpg,surprise
317,302,George_W_Bush_0255.jpg,neutral
318,302,George_W_Bush_0257.jpg,neutral
319,302,George_W_Bush_0258.jpg,neutral
320,302,George_W_Bush_0261.jpg,neutral
321,302,George_W_Bush_0266.jpg,anger
322,302,George_W_Bush_0277.jpg,neutral
323,302,George_W_Bush_0281.jpg,neutral
324,302,George_W_Bush_0313.jpg,surprise
325,302,George_W_Bush_0320.jpg,happiness
326,302,George_W_Bush_0326.jpg,neutral
327,302,George_W_Bush_0327.jpg,neutral
328,302,George_W_Bush_0345.jpg,neutral
329,302,George_W_Bush_0352.jpg,neutral
330,302,George_W_Bush_0354.jpg,anger
331,302,George_W_Bush_0355.jpg,neutral
332,302,George_W_Bush_0362.jpg,neutral
333,302,George_W_Bush_0374.jpg,neutral
334,302,George_W_Bush_0399.jpg,neutral
335,302,George_W_Bush_0400.jpg,neutral
336,302,George_W_Bush_0415.jpg,neutral
337,302,George_W_Bush_0416.jpg,neutral
338,302,George_W_Bush_0418.jpg,happiness
339,302,George_W_Bush_0422.jpg,happiness
340,302,George_W_Bush_0442.jpg,neutral
341,302,George_W_Bush_0462.jpg,neutral
342,302,George_W_Bush_0468.jpg,neutral
343,302,George_W_Bush_0495.jpg,happiness
344,302,George_W_Bush_0507.jpg,surprise
345,302,Georgina_Bardach_0001.jpg,happiness
346,302,Geraldine_Chaplin_0003.jpg,happiness
347,302,Geraldo_Rivera_0001.jpg,happiness
348,302,Gerhard_Schroeder_0083.jpg,neutral
349,302,Gerhard_Schroeder_0084.jpg,neutral
350,302,Gerhard_Schroeder_0103.jpg,surprise
351,302,Gerry_Adams_0002.jpg,neutral
352,302,Gerry_Adams_0006.jpg,neutral
353,302,Gerry_Adams_0008.jpg,neutral
354,302,Gillian_Anderson_0002.jpg,happiness
355,302,Gina_Centrello_0001.jpg,happiness
356,302,Gloria_Macapagal_Arroyo_0003.jpg,happiness
357,302,Gloria_Macapagal_Arroyo_0018.jpg,happiness
358,302,Gloria_Macapagal_Arroyo_0025.jpg,neutral
359,302,Gloria_Macapagal_Arroyo_0029.jpg,happiness
360,302,Gloria_Macapagal_Arroyo_0042.jpg,happiness
361,302,Gloria_Macapagal_Arroyo_0044.jpg,happiness
362,302,Goldie_Hawn_0007.jpg,happiness
363,302,Gonzalo_Barrientos_0001.jpg,neutral
364,302,Gonzalo_Sanchez_de_Lozada_0012.jpg,happiness
365,302,Gordon_Brown_0001.jpg,neutral
366,302,Gro_Harlem_Brundtland_0001.jpg,neutral
367,302,Guillermo_Coria_0003.jpg,happiness
368,302,Guillermo_Coria_0011.jpg,neutral
369,302,Gunter_Pleuger_0005.jpg,neutral
370,302,Gunter_Pleuger_0006.jpg,neutral
371,302,Hamad_Bin_Isa_al-Khalifa_0001.jpg,happiness
372,302,Hamid_Karzai_0003.jpg,neutral
373,302,Hamid_Karzai_0004.jpg,happiness
374,302,Hamid_Karzai_0005.jpg,happiness
375,302,Hamid_Karzai_0012.jpg,happiness
376,302,Hamid_Karzai_0017.jpg,neutral
377,302,Hamza_Atiya_Muhsen_0001.jpg,neutral
378,302,Hannah_Stockbauer_0002.jpg,happiness
379,302,Hans_Blix_0001.jpg,neutral
380,302,Hans_Blix_0006.jpg,neutral
381,302,Hans_Blix_0014.jpg,neutral
382,302,Hans_Blix_0021.jpg,happiness
383,302,Hans_Blix_0023.jpg,neutral
384,302,Hans_Blix_0033.jpg,neutral
385,302,Hans_Blix_0034.jpg,happiness
386,302,Hans_Blix_0035.jpg,happiness
387,302,Hans_Blix_0036.jpg,happiness
388,302,Hans_Eichel_0002.jpg,surprise
389,302,Hans_Eichel_0003.jpg,neutral
390,302,Han_Sung_Joo_0001.jpg,neutral
391,302,Harry_Schmidt_0002.jpg,neutral
392,302,Hasan_Wirayuda_0001.jpg,neutral
393,302,Heather_Mills_0001.jpg,happiness
394,302,Heather_Mills_0003.jpg,happiness
395,302,Heidi_Klum_0003.jpg,happiness
396,302,Herb_Ritts_0001.jpg,neutral
397,302,Hermando_Harton_0001.jpg,happiness
398,302,Herman_Moore_0001.jpg,happiness
399,302,Hilary_Duff_0003.jpg,happiness
400,302,Hillary_Clinton_0003.jpg,happiness
401,302,Hilmi_Ozkok_0002.jpg,neutral
402,302,Hiroki_Gomi_0001.jpg,neutral
403,302,Holly_Robinson_Peete_0001.jpg,happiness
404,302,Hosni_Mubarak_0008.jpg,happiness
405,302,Howard_Dean_0001.jpg,neutral
406,302,Howard_Dean_0007.jpg,neutral
407,302,Hugo_Chavez_0053.jpg,happiness
408,302,Hugo_Chavez_0054.jpg,neutral
409,302,Hugo_Chavez_0062.jpg,neutral
410,302,Hugo_Chavez_0064.jpg,neutral
411,302,Hun_Sen_0001.jpg,happiness
412,302,Hun_Sen_0004.jpg,neutral
413,302,Hutomo_Mandala_Putra_0001.jpg,happiness
414,302,Hu_Jintao_0003.jpg,happiness
415,302,Hu_Jintao_0005.jpg,neutral
416,302,Hu_Jintao_0006.jpg,happiness
417,302,Hu_Jintao_0008.jpg,happiness
418,302,Hu_Jintao_0012.jpg,neutral
419,302,Ian_Smith_0001.jpg,neutral
420,302,Ian_Thorpe_0005.jpg,happiness
421,302,Ian_Wilmut_0001.jpg,neutral
422,302,Ibrahim_Al-Marashi_0001.jpg,neutral
423,302,Ignacio_Antonio_Velasco_0001.jpg,neutral
424,302,Igor_Ivanov_0015.jpg,neutral
425,302,Igor_Ivanov_0020.jpg,neutral
426,302,Ilham_Aliev_0001.jpg,neutral
427,302,Imad_Khadduri_0001.jpg,neutral
428,302,Imad_Moustapha_0002.jpg,happiness
429,302,Jackie_Chan_0008.jpg,happiness
430,302,Jack_Straw_0001.jpg,neutral
431,302,Jack_Straw_0008.jpg,neutral
432,302,Jack_Straw_0014.jpg,neutral
433,302,Jack_Straw_0019.jpg,neutral
434,302,Jack_Straw_0024.jpg,neutral
435,302,Jacqueline_Obradors_0002.jpg,happiness
436,302,Jacques_Chirac_0028.jpg,neutral
437,302,Jacques_Chirac_0034.jpg,neutral
438,302,Jacques_Chirac_0036.jpg,neutral
439,302,Jacques_Chirac_0048.jpg,neutral
440,302,Jacques_Chirac_0049.jpg,neutral
441,302,Jade_Jagger_0001.jpg,happiness
442,302,Jakob_Kellenberger_0001.jpg,neutral
443,302,James_Cameron_0002.jpg,neutral
444,302,James_Cameron_0003.jpg,happiness
445,302,James_Franco_0001.jpg,happiness
446,302,James_Franco_0002.jpg,neutral
447,302,James_Gandolfini_0002.jpg,neutral
448,302,James_Hallock_0001.jpg,neutral
449,302,James_Kelly_0004.jpg,neutral
450,302,James_Kopp_0003.jpg,neutral
451,302,James_Maguire_0002.jpg,neutral
452,302,James_Morris_0001.jpg,neutral
453,302,James_Wolfensohn_0004.jpg,neutral
454,302,Janet_Napolitano_0004.jpg,neutral
455,302,Janet_Thorpe_0001.jpg,neutral
456,302,Jane_Pauley_0002.jpg,happiness
457,302,Jane_Walker_Wood_0001.jpg,happiness
458,302,Janica_Kostelic_0001.jpg,happiness
459,302,Janica_Kostelic_0002.jpg,happiness
460,302,Jan_Ullrich_0002.jpg,anger
461,302,Jan_Ullrich_0004.jpg,anger
462,302,Jason_Kapono_0001.jpg,happiness
463,dwdii,Jason_Kidd_0010.jpg,happiness
464,dwdii,Jason_Sehorn_0001.jpg,happiness
465,dwdii,Javier_Solana_0001.jpg,happiness
466,dwdii,Jayson_Williams_0002.jpg,neutral
467,dwdii,Jay_Garner_0004.jpg,neutral
468,dwdii,Jean-Claude_Trichet_0001.jpg,happiness
469,dwdii,Jean-David_Levitte_0002.jpg,neutral
470,dwdii,Jean-Francois_Pontal_0002.jpg,neutral
471,dwdii,Jean-Pierre_Bemba_0001.jpg,neutral
472,dwdii,Jean-Pierre_Raffarin_0005.jpg,neutral
473,dwdii,Jean-Pierre_Raffarin_0006.jpg,neutral
474,dwdii,Jean-Pierre_Raffarin_0007.jpg,neutral
475,dwdii,Jean_Chretien_0041.jpg,neutral
476,dwdii,Jean_Chretien_0053.jpg,neutral
477,dwdii,Jefferson_Perez_0002.jpg,neutral
478,dwdii,Jennie_Garth_0001.jpg,happiness
479,dwdii,Jennifer_Aniston_0020.jpg,happiness
480,dwdii,Jennifer_Capriati_0007.jpg,anger
481,dwdii,Jennifer_Capriati_0010.jpg,anger
482,dwdii,Jennifer_Capriati_0034.jpg,anger
483,dwdii,Jennifer_Capriati_0040.jpg,surprise
484,dwdii,Jennifer_Garner_0012.jpg,happiness
485,dwdii,Jennifer_Keller_0004.jpg,neutral
486,dwdii,Jennifer_Lopez_0003.jpg,happiness
487,dwdii,Jennifer_Lopez_0004.jpg,happiness
488,dwdii,Jennifer_Lopez_0013.jpg,happiness
489,dwdii,Jennifer_Lopez_0019.jpg,happiness
490,dwdii,Jeong_Se-hyun_0002.jpg,happiness
491,dwdii,Jeong_Se-hyun_0003.jpg,neutral
492,dwdii,Jeremy_Fogel_0001.jpg,neutral
493,dwdii,Jeremy_Greenstock_0003.jpg,neutral
494,dwdii,Jeremy_Greenstock_0012.jpg,neutral
495,dwdii,Jeremy_Greenstock_0013.jpg,neutral
496,dwdii,Jerry_Hall_0001.jpg,happiness
497,dwdii,Jesse_Jackson_0007.jpg,neutral
498,dwdii,Jiang_Zemin_0001.jpg,neutral
499,dwdii,Jiang_Zemin_0003.jpg,happiness
500,dwdii,Jiang_Zemin_0004.jpg,happiness
501,dwdii,Jiang_Zemin_0009.jpg,happiness
502,dwdii,Jiang_Zemin_0011.jpg,neutral
503,dwdii,Jiang_Zemin_0012.jpg,neutral
504,dwdii,Jiang_Zemin_0013.jpg,sadness
505,dwdii,Jiang_Zemin_0015.jpg,happiness
506,dwdii,Jim_Carrey_0001.jpg,happiness
507,dwdii,Jim_Flaherty_0001.jpg,neutral
508,dwdii,Jim_Talent_0001.jpg,surprise
509,dwdii,Jiri_Novak_0009.jpg,neutral
510,dwdii,JK_Rowling_0002.jpg,happiness
511,dwdii,Joan_Jett_0001.jpg,neutral
512,dwdii,Job_Cohen_0001.jpg,neutral
513,dwdii,Joel_Todd_0001.jpg,neutral
514,dwdii,Joey_Buttafuoco_0001.jpg,neutral
515,dwdii,Joe_Friedberg_0001.jpg,neutral
516,dwdii,Joe_Gatti_0001.jpg,happiness
517,dwdii,Joe_Mantello_0002.jpg,happiness
518,dwdii,Joe_Pantoliano_0001.jpg,happiness
519,dwdii,Joe_Torre_0001.jpg,happiness
520,dwdii,Johnny_Unitas_0001.jpg,neutral
521,dwdii,Johnny_Unitas_0002.jpg,neutral
522,dwdii,John_Abizaid_0001.jpg,neutral
523,dwdii,John_Abizaid_0003.jpg,neutral
524,dwdii,John_Anderson_0001.jpg,neutral
525,dwdii,John_Ashcroft_0034.jpg,neutral
526,dwdii,John_Ashcroft_0035.jpg,neutral
527,dwdii,John_Bolton_0015.jpg,neutral
528,dwdii,John_Edwards_0004.jpg,neutral
529,dwdii,John_Elway_0001.jpg,surprise
530,dwdii,John_Geoghan_0001.jpg,happiness
531,dwdii,John_Jumper_0002.jpg,neutral
532,dwdii,John_Kerry_0001.jpg,neutral
533,dwdii,John_Kerry_0008.jpg,neutral
534,dwdii,John_Negroponte_0014.jpg,neutral
535,dwdii,John_Negroponte_0027.jpg,neutral
536,dwdii,John_Rosa_0002.jpg,neutral
537,dwdii,John_Snow_0006.jpg,neutral
538,dwdii,John_Travolta_0007.jpg,happiness
539,dwdii,Jonathan_Mostow_0002.jpg,happiness
540,dwdii,Jorge_Valdano_0001.jpg,surprise
541,dwdii,Joschka_Fischer_0009.jpg,neutral
542,dwdii,Joschka_Fischer_0010.jpg,neutral
543,dwdii,Joseph_Biden_0003.jpg,neutral
544,dwdii,Joseph_Biden_0005.jpg,neutral
545,dwdii,Joseph_Estrada_0002.jpg,neutral
546,dwdii,Joseph_Estrada_0003.jpg,neutral
547,dwdii,Joseph_Ganim_0001.jpg,neutral
548,dwdii,Joseph_Ralston_0001.jpg,neutral
549,dwdii,Jose_Maria_Aznar_0001.jpg,neutral
550,dwdii,Joshua_Davey_0001.jpg,happiness
551,dwdii,Juan_Ignacio_Chela_0003.jpg,happiness
552,dwdii,Juan_Manuel_Marquez_0002.jpg,happiness
553,dwdii,Jules_Asner_0001.jpg,happiness
554,dwdii,Julian_Battle_0001.jpg,neutral
555,dwdii,Julie_Gerberding_0004.jpg,neutral
556,dwdii,Julie_Gerberding_0015.jpg,surprise
557,dwdii,Julius_Barnes_0001.jpg,neutral
558,dwdii,Junichiro_Koizumi_0042.jpg,neutral
559,dwdii,Justine_Henin_0002.jpg,happiness
560,dwdii,Justin_Gatlin_0001.jpg,sadness
561,dwdii,Justin_Marshall_0001.jpg,neutral
562,dwdii,Kalpana_Chawla_0001.jpg,happiness
563,dwdii,Kamal_Kharrazi_0001.jpg,neutral
564,dwdii,Kamal_Kharrazi_0005.jpg,happiness
565,dwdii,Karl-Heinz_Rummenigge_0001.jpg,neutral
566,dwdii,Kate_Hudson_0005.jpg,happiness
567,dwdii,Kathy_Bates_0001.jpg,happiness
568,dwdii,Katrin_Cartlidge_0001.jpg,happiness
569,dwdii,Keanu_Reeves_0011.jpg,neutral
570,dwdii,Keith_Osik_0001.jpg,neutral
571,dwdii,Keith_Snyder_0001.jpg,neutral
572,dwdii,Kelly_Santos_0001.jpg,happiness
573,dwdii,Kenenisa_Bekele_0001.jpg,neutral
574,dwdii,Kenneth_Brill_0001.jpg,happiness
575,dwdii,Kenneth_Dam_0001.jpg,neutral
576,dwdii,Ken_Loach_0001.jpg,neutral
577,dwdii,Kevin_Costner_0008.jpg,happiness
578,dwdii,Kevin_Spacey_0003.jpg,happiness
579,dwdii,Kimberly_Bruckner_0001.jpg,happiness
580,dwdii,Kim_Clijsters_0001.jpg,anger
581,JN721,Kim_Hong-gul_0001.jpg,neutral
582,JN721,Kim_Jong-Il_0003.jpg,neutral
583,JN721,Kim_Ryong-sung_0002.jpg,neutral
584,JN721,Kim_Ryong-sung_0005.jpg,happiness
585,JN721,Kimberly_Bruckner_0001.jpg,happiness
586,JN721,King_Bhumibol_Adulyadej_0001.jpg,neutral
587,JN721,Kirk_Douglas_0001.jpg,neutral
588,JN721,Kofi_Annan_0006.jpg,happiness
589,JN721,Kofi_Annan_0022.jpg,neutral
590,JN721,Kofi_Annan_0032.jpg,neutral
591,JN721,Koichiro_Matsuura_0001.jpg,neutral
592,JN721,Kristanna_Loken_0001.jpg,happiness
593,JN721,Kristin_Davis_0001.jpg,happiness
594,JN721,Kristin_Scott_Thomas_0001.jpg,happiness
595,JN721,Kyle_McLaren_0001.jpg,neutral
596,JN721,Laila_Ali_0002.jpg,neutral
597,JN721,Laila_Ali_0003.jpg,happiness
598,JN721,Lana_Clarkson_0001.jpg,happiness
599,JN721,Lana_Clarkson_0002.jpg,happiness
600,JN721,Lance_Armstrong_0002.jpg,happiness
601,JN721,Larry_Anderson_0001.jpg,neutral
602,JN721,Larry_Flynt_0001.jpg,happiness
603,JN721,Laura_Bush_0021.jpg,happiness
604,JN721,Laura_Bush_0022.jpg,happiness
605,JN721,Laura_Schlessinger_0001.jpg,happiness
606,JN721,Laurence_Tribe_0001.jpg,happiness
607,JN721,Laurent_Gbagbo_0002.jpg,neutral
608,JN721,Laurent_Jalabert_0001.jpg,happiness
609,JN721,Leander_Paes_0002.jpg,neutral
610,JN721,Lennox_Lewis_0001.jpg,happiness
611,JN721,Lenny_Wilkens_0003.jpg,neutral
612,JN721,Li_Peng_0001.jpg,happiness
613,JN721,Li_Peng_0005.jpg,happiness
614,JN721,Li_Zhaoxing_0003.jpg,happiness
615,JN721,Lin_Yi-fu_0001.jpg,neutral
616,JN721,Linda_Mason_0001.jpg,happiness
617,dwdii,Linn_Thornton_0001.jpg,happiness
618,dwdii,Lin_Yi-fu_0001.jpg,neutral
619,dwdii,Lisa_Girman_0001.jpg,happiness
620,dwdii,Lisa_Ling_0001.jpg,happiness
621,dwdii,Liu_Xiaoqing_0001.jpg,happiness
622,dwdii,Liza_Minnelli_0004.jpg,happiness
623,dwdii,Lleyton_Hewitt_0003.jpg,happiness
624,dwdii,Lleyton_Hewitt_0012.jpg,surprise
625,dwdii,Lleyton_Hewitt_0019.jpg,happiness
626,dwdii,Lleyton_Hewitt_0022.jpg,surprise
627,dwdii,Lleyton_Hewitt_0028.jpg,neutral
628,dwdii,Lloyd_Novick_0001.jpg,neutral
629,dwdii,Lonnie_Donegan_0001.jpg,happiness
630,dwdii,Lucy_Liu_0002.jpg,happiness
631,dwdii,Luis_Gonzalez_Macchi_0004.jpg,neutral
632,dwdii,Luiz_Inacio_Lula_da_Silva_0001.jpg,happiness
633,dwdii,Luiz_Inacio_Lula_da_Silva_0021.jpg,happiness
634,dwdii,Luiz_Inacio_Lula_da_Silva_0036.jpg,happiness
635,dwdii,Luiz_Inacio_Lula_da_Silva_0040.jpg,neutral
636,dwdii,Luke_Ridnour_0001.jpg,happiness
637,dwdii,Lynn_Redgrave_0002.jpg,happiness
638,dwdii,Magdalena_Maleeva_0002.jpg,happiness
639,dwdii,Mahathir_Mohamad_0003.jpg,disgust
640,dwdii,Mahathir_Mohamad_0007.jpg,neutral
641,dwdii,Mahathir_Mohamad_0009.jpg,happiness
642,dwdii,Mahdi_Al_Bassam_0001.jpg,neutral
643,dwdii,Mahendra_Chaudhry_0001.jpg,neutral
644,dwdii,Mahmoud_Abbas_0022.jpg,happiness
645,dwdii,Mahmoud_Abbas_0027.jpg,neutral
646,dwdii,Makhdoom_Amin_Fahim_0002.jpg,neutral
647,dwdii,Marcos_Cafu_0001.jpg,happiness
648,dwdii,Marc_Grossman_0002.jpg,neutral
649,dwdii,Mariah_Carey_0002.jpg,happiness
650,dwdii,Mariah_Carey_0006.jpg,happiness
651,dwdii,Mariana_Gonzalez_0001.jpg,neutral
652,dwdii,Mariano_Zabaleta_0001.jpg,happiness
653,dwdii,Marie-Reine_Le_Gougne_0002.jpg,happiness
654,dwdii,Marieta_Chrousala_0002.jpg,happiness
655,dwdii,Marieta_Chrousala_0003.jpg,happiness
656,dwdii,Marilyn_Monroe_0001.jpg,neutral
657,dwdii,Mario_Puzo_0001.jpg,neutral
658,dwdii,Marissa_Jaret_Winokur_0001.jpg,happiness
659,dwdii,Mark_Komara_0001.jpg,neutral
660,dwdii,Marta_Dominguz_0001.jpg,happiness
661,dwdii,Martina_McBride_0003.jpg,happiness
662,dwdii,Martin_McGuinness_0005.jpg,neutral
663,dwdii,Martin_Rodriguez_0001.jpg,surprise
664,dwdii,Marwan_Muasher_0001.jpg,neutral
665,dwdii,Mary_Anne_Souza_0001.jpg,happiness
666,dwdii,Mary_Blige_0001.jpg,happiness
667,dwdii,Mary_Carey_0003.jpg,happiness
668,dwdii,Mary_Zorn_0001.jpg,happiness
669,dwdii,Masum_Turker_0003.jpg,neutral
670,dwdii,Mathias_Reichhold_0001.jpg,happiness
671,dwdii,Matt_Anderson_0001.jpg,neutral
672,dwdii,Matt_Damon_0001.jpg,happiness
673,dwdii,Max_Mayfield_0002.jpg,neutral
674,dwdii,Megawati_Sukarnoputri_0001.jpg,happiness
675,dwdii,Megawati_Sukarnoputri_0004.jpg,neutral
676,dwdii,Megawati_Sukarnoputri_0007.jpg,neutral
677,dwdii,Megawati_Sukarnoputri_0008.jpg,neutral
678,dwdii,Meirion_Evans_0001.jpg,neutral
679,dwdii,Meryl_Streep_0010.jpg,happiness
680,dwdii,Meryl_Streep_0015.jpg,happiness
681,dwdii,Mesut_Yilmaz_0002.jpg,neutral
682,dwdii,Mian_Khursheed_Mehmood_Kasuri_0004.jpg,neutral
683,dwdii,Michael_Boyce_0001.jpg,neutral
684,dwdii,Michael_Chang_0007.jpg,neutral
685,dwdii,Michael_Goldrich_0001.jpg,neutral
686,dwdii,Michael_Hagee_0001.jpg,neutral
687,dwdii,Michael_J_Sheehan_0001.jpg,happiness
688,dwdii,Michael_J_Sheehan_0002.jpg,neutral
689,dwdii,Michael_Keaton_0002.jpg,neutral
690,dwdii,Michael_Lechner_0001.jpg,happiness
691,dwdii,Michael_Michele_0001.jpg,happiness
692,dwdii,Michael_Schumacher_0012.jpg,neutral
693,dwdii,Michael_Sheehan_0001.jpg,happiness
694,dwdii,Michael_Stark_0001.jpg,happiness
695,dwdii,Michael_Wayne_0001.jpg,happiness
696,dwdii,Michael_Winterbottom_0001.jpg,happiness
697,dwdii,Michael_Winterbottom_0002.jpg,happiness
698,dwdii,Michelle_Kwan_0002.jpg,surprise
699,dwdii,Michelle_Lecky_0001.jpg,happiness
700,dwdii,Michel_Duclos_0001.jpg,neutral
701,dwdii,Mick_McCarthy_0001.jpg,neutral
702,dwdii,Mike_Krzyzewski_0004.jpg,neutral
703,dwdii,Mike_Stefanik_0001.jpg,happiness
704,dwdii,Mikhail_Wehbe_0001.jpg,neutral
705,dwdii,Mikhail_Wehbe_0003.jpg,neutral
706,dwdii,Mile_Mrksic_0001.jpg,neutral
707,dwdii,Minnie_Driver_0001.jpg,happiness
708,dwdii,Mladen_Naletilic_0001.jpg,happiness
709,dwdii,Mohamed_Benaissa_0001.jpg,neutral
710,dwdii,Mohammad_Khatami_0002.jpg,neutral
711,dwdii,Mohammad_Khatami_0005.jpg,neutral
712,dwdii,Mohammad_Khatami_0006.jpg,neutral
713,dwdii,Mohammad_Khatami_0009.jpg,happiness
714,dwdii,Mohammed_Ashraf_Hafiz_0001.jpg,neutral
715,dwdii,Mohammed_Baqir_al-Hakim_0002.jpg,happiness
716,dwdii,Mohammed_Salmane_0001.jpg,neutral
717,dwdii,Momir_Nikolic_0001.jpg,neutral
718,dwdii,Mona_Ayoub_0001.jpg,happiness
719,dwdii,Monica_Bellucci_0002.jpg,happiness
720,dwdii,Ms_Dynamite_0001.jpg,happiness
721,dwdii,Mufti_Mohammad_Syed_0001.jpg,neutral
722,dwdii,Munir_Akram_0001.jpg,neutral
723,dwdii,Nabil_Shaath_0003.jpg,neutral
724,dwdii,Naji_Sabri_0004.jpg,happiness
725,dwdii,Nancy_Pelosi_0006.jpg,happiness
726,dwdii,Nancy_Pelosi_0012.jpg,neutral
727,dwdii,Naomi_Campbell_0002.jpg,neutral
728,dwdii,Naomi_Watts_0004.jpg,happiness
729,dwdii,Naomi_Watts_0019.jpg,happiness
730,dwdii,Narayan_Singh_Pun_0001.jpg,neutral
731,dwdii,Natalia_Verbeke_0001.jpg,neutral
732,dwdii,Natalie_Cole_0001.jpg,happiness
733,dwdii,Natalie_Coughlin_0003.jpg,contempt
734,dwdii,Natalie_Juniardi_0001.jpg,neutral
735,dwdii,Natanaela_Barnova_0001.jpg,happiness
736,dwdii,Nathalie_Baye_0002.jpg,happiness
737,dwdii,Nathan_Smith_0001.jpg,neutral
738,dwdii,Nebojsa_Pavkovic_0001.jpg,neutral
739,dwdii,Nestor_Kirchner_0002.jpg,happiness
740,dwdii,Nestor_Kirchner_0005.jpg,happiness
741,dwdii,Nestor_Kirchner_0010.jpg,happiness
742,dwdii,Nestor_Kirchner_0012.jpg,happiness
743,dwdii,Nestor_Kirchner_0018.jpg,happiness
744,dwdii,Newton_Carlton_Slawson_0001.jpg,happiness
745,dwdii,Nicanor_Duarte_Frutos_0004.jpg,happiness
746,dwdii,Nick_Nolte_0004.jpg,happiness
747,dwdii,Nick_Rahall_0001.jpg,neutral
748,dwdii,Nicole_Kidman_0003.jpg,neutral
749,dwdii,Nicole_Kidman_0004.jpg,happiness
750,dwdii,Nicole_Kidman_0005.jpg,happiness
751,dwdii,Nicole_Kidman_0009.jpg,happiness
752,dwdii,Nicole_Kidman_0011.jpg,happiness
753,dwdii,Nida_Blanca_0001.jpg,happiness
754,dwdii,Noah_Wyle_0003.jpg,happiness
755,dwdii,Noel_Forgeard_0001.jpg,happiness
756,dwdii,Norah_Jones_0002.jpg,happiness
757,dwdii,Norah_Jones_0011.jpg,happiness
758,dwdii,Norbert_van_Heyst_0001.jpg,happiness
759,dwdii,Oliver_Neuville_0001.jpg,neutral
760,dwdii,Olympia_Dukakis_0001.jpg,happiness
761,dwdii,Oprah_Winfrey_0004.jpg,happiness
762,dwdii,Osama_bin_Laden_0001.jpg,neutral
763,dwdii,Osama_bin_Laden_0004.jpg,neutral
764,dwdii,Oscar_De_La_Hoya_0004.jpg,happiness
765,dwdii,Oscar_De_La_Hoya_0007.jpg,happiness
766,dwdii,Pamela_Anderson_0004.jpg,happiness
767,dwdii,Pascal_Lamy_0002.jpg,neutral
768,dwdii,Patricia_Heaton_0002.jpg,happiness
769,dwdii,Patty_Schnyder_0001.jpg,sadness
770,dwdii,Paula_Zahn_0001.jpg,happiness
771,dwdii,Paul_Greengrass_0001.jpg,happiness
772,dwdii,Paul_Krueger_0001.jpg,happiness
773,dwdii,Paul_ONeill_0001.jpg,neutral
774,dwdii,Paul_ONeill_0005.jpg,neutral
775,dwdii,Paul_Schrader_0001.jpg,happiness
776,dwdii,Paul_Tagliabue_0004.jpg,neutral
777,dwdii,Paul_Vathis_0001.jpg,happiness
778,dwdii,Paul_Walker_0001.jpg,happiness
779,dwdii,Paul_Wellstone_0003.jpg,neutral
780,dwdii,Pedro_Pauleta_0001.jpg,happiness
781,dwdii,Penelope_Cruz_0001.jpg,happiness
782,dwdii,Pervez_Musharraf_0001.jpg,neutral
783,dwdii,Pervez_Musharraf_0002.jpg,happiness
784,dwdii,Pervez_Musharraf_0007.jpg,neutral
785,dwdii,Pervez_Musharraf_0014.jpg,neutral
786,dwdii,Pervez_Musharraf_0016.jpg,happiness
787,dwdii,Pervez_Musharraf_0018.jpg,neutral
788,dwdii,Peter_Gilmour_0001.jpg,neutral
789,dwdii,Peter_Goldmark_0001.jpg,happiness
790,dwdii,Peter_Struck_0004.jpg,neutral
791,dwdii,Pete_Rose_0002.jpg,neutral
792,dwdii,Pete_Sampras_0017.jpg,happiness
793,dwdii,Pete_Sampras_0020.jpg,happiness
794,dwdii,Phillip_Seymor_Hoffmann_0001.jpg,happiness
795,dwdii,Phil_Gramm_0001.jpg,neutral
796,dwdii,Pierce_Brosnan_0011.jpg,happiness
797,dwdii,Pierre_Png_0001.jpg,happiness
798,dwdii,Platon_Lebedev_0001.jpg,neutral
799,dwdii,Prakash_Hinduja_0001.jpg,happiness
800,dwdii,Prem_Kumar_Nair_0001.jpg,happiness
801,dwdii,Princess_Caroline_0004.jpg,happiness
802,dwdii,Princess_Masako_0001.jpg,happiness
803,dwdii,Prince_William_0001.jpg,happiness
804,dwdii,Priscilla_Owen_0001.jpg,neutral
805,dwdii,Priyanka_Chopra_0001.jpg,happiness
806,dwdii,Pupi_Avati_0001.jpg,happiness
807,dwdii,Pupi_Avati_0004.jpg,happiness
808,dwdii,Qais_al-Kazali_0001.jpg,neutral
809,dwdii,Queen_Elizabeth_II_0011.jpg,happiness
810,dwdii,Queen_Rania_0002.jpg,happiness
811,dwdii,Queen_Rania_0004.jpg,neutral
812,dwdii,Qusai_Hussein_0001.jpg,neutral
813,dwdii,Rachel_Griffiths_0001.jpg,happiness
814,dwdii,Rafael_Ramirez_0002.jpg,neutral
815,dwdii,Rafael_Ramirez_0004.jpg,neutral
816,dwdii,Ralf_Schumacher_0002.jpg,neutral
817,dwdii,Ralf_Schumacher_0004.jpg,happiness
818,dwdii,Ralf_Schumacher_0005.jpg,neutral
819,dwdii,Ralph_Firman_0001.jpg,neutral
820,dwdii,Ralph_Nader_0001.jpg,neutral
821,dwdii,Rashid_Qureshi_0001.jpg,neutral
822,dwdii,Raul_Mondesi_0001.jpg,happiness
823,dwdii,Ray_Lucas_0001.jpg,happiness
824,dwdii,Ray_Romano_0001.jpg,happiness
825,dwdii,Ray_Sherman_0001.jpg,happiness
826,dwdii,Razali_Ismail_0001.jpg,neutral
827,dwdii,Rebecca_Romijn-Stamos_0001.jpg,happiness
828,dwdii,Recep_Tayyip_Erdogan_0017.jpg,neutral
829,dwdii,Recep_Tayyip_Erdogan_0021.jpg,neutral
830,dwdii,Reese_Witherspoon_0002.jpg,happiness
831,dwdii,Reese_Witherspoon_0003.jpg,happiness
832,dwdii,Renato_Soru_0001.jpg,neutral
833,dwdii,Rey_Sanchez_0001.jpg,neutral
834,dwdii,Rhett_Warrener_0001.jpg,happiness
835,dwdii,Ricardo_Lagos_0016.jpg,neutral
836,dwdii,Ricardo_Lopez_Murphy_0002.jpg,neutral
837,dwdii,Ricardo_Sanchez_0004.jpg,neutral
838,dwdii,Ricardo_Sanchez_0005.jpg,neutral
839,dwdii,Ricardo_Sanchez_0006.jpg,happiness
840,dwdii,Richard_Armitage_0007.jpg,neutral
841,dwdii,Richard_Crenna_0001.jpg,happiness
842,dwdii,Richard_Gere_0002.jpg,neutral
843,dwdii,Richard_Myers_0005.jpg,neutral
844,dwdii,Richard_Myers_0006.jpg,happiness
845,dwdii,Richard_Myers_0012.jpg,neutral
846,dwdii,Richard_Myers_0015.jpg,neutral
847,dwdii,Richard_Parsons_0001.jpg,neutral
848,dwdii,Richard_Reid_0001.jpg,neutral
849,dwdii,Richard_Virenque_0005.jpg,happiness
850,dwdii,Rick_Romley_0003.jpg,neutral
851,dwdii,Rita_Grande_0003.jpg,neutral
852,dwdii,Rita_Moreno_0002.jpg,happiness
853,dwdii,Roberto_Cavalli_0001.jpg,neutral
854,dwdii,Roberto_Lavagna_0001.jpg,neutral
855,dwdii,Robert_Beck_0001.jpg,neutral
856,dwdii,Robert_Blake_0005.jpg,happiness
857,dwdii,Robert_DeFraites_0001.jpg,neutral
858,dwdii,Robert_Downey_Jr_0001.jpg,neutral
859,dwdii,Robert_Evans_0002.jpg,happiness
860,dwdii,Robert_Fico_0001.jpg,neutral
861,dwdii,Robert_F_Kennedy_Jr_0001.jpg,neutral
862,dwdii,Robert_Gallo_0001.jpg,neutral
863,dwdii,Robert_Hanssen_0001.jpg,happiness
864,dwdii,Robert_Redford_0003.jpg,neutral
865,dwdii,Robert_Witt_0002.jpg,neutral
866,dwdii,Robert_Zoellick_0004.jpg,neutral
867,dwdii,Rodolfo_Abalos_0001.jpg,neutral
868,dwdii,Rod_Stewart_0002.jpg,happiness
869,dwdii,Rogerio_Romero_0002.jpg,happiness
870,dwdii,Roger_Moore_0005.jpg,happiness
871,dwdii,Roger_Winter_0001.jpg,neutral
872,dwdii,Roh_Moo-hyun_0005.jpg,happiness
873,dwdii,Roh_Moo-hyun_0018.jpg,neutral
874,dwdii,Roh_Moo-hyun_0027.jpg,neutral
875,dwdii,Rolf_Zimmermann_0001.jpg,happiness
876,dwdii,Roman_Coppola_0001.jpg,neutral
877,dwdii,Ronald_Perelman_0001.jpg,happiness
878,dwdii,Ronnie_Musgrove_0001.jpg,neutral
879,dwdii,Ron_Howard_0002.jpg,happiness
880,dwdii,Rosemarie_Stack_0001.jpg,happiness
881,dwdii,Ross_Verba_0001.jpg,neutral
882,dwdii,Roy_Chaderton_0001.jpg,happiness
883,dwdii,Ruben_Studdard_0002.jpg,happiness
884,dwdii,Rudolph_Giuliani_0004.jpg,surprise
885,dwdii,Rudolph_Giuliani_0017.jpg,happiness
886,dwdii,Rudolph_Giuliani_0020.jpg,neutral
887,dwdii,Russell_Coutts_0002.jpg,happiness
888,dwdii,Ryan_Nyquist_0001.jpg,happiness
889,dwdii,Saddam_Hussein_0022.jpg,neutral
890,dwdii,Saddam_Hussein_0023.jpg,happiness
891,dwdii,Saeed_Mortazavi_0001.jpg,neutral
892,dwdii,Sally_Clark_0001.jpg,neutral
893,dwdii,Salman_Rushdie_0002.jpg,neutral
894,dwdii,Sananda_Maitreya_0001.jpg,neutral
895,dwdii,Saparmurat_Niyazov_0001.jpg,happiness
896,dwdii,Sarah_Jessica_Parker_0001.jpg,happiness
897,dwdii,Scott_Peterson_0003.jpg,neutral
898,dwdii,Scott_Ritter_0001.jpg,neutral
899,dwdii,Scott_Weiland_0001.jpg,neutral
900,dwdii,Scott_Wolf_0002.jpg,neutral
901,dwdii,Sebastian_Cuattrin_0001.jpg,happiness
902,dwdii,Sebastien_Grosjean_0002.jpg,neutral
903,dwdii,Serena_Williams_0008.jpg,anger
904,dwdii,Serena_Williams_0019.jpg,neutral
905,dwdii,Serena_Williams_0049.jpg,neutral
906,dwdii,Sergei_Ivanov_0005.jpg,happiness
907,dwdii,Sergei_Yastrzhembsky_0001.jpg,neutral
908,dwdii,Sergei_Yushenkov_0001.jpg,surprise
909,dwdii,Sergey_Lavrov_0007.jpg,neutral
910,dwdii,Sergey_Lavrov_0008.jpg,neutral
911,dwdii,Serge_Tchuruk_0001.jpg,neutral
912,dwdii,Sergio_Vieira_De_Mello_0006.jpg,neutral
913,dwdii,Sergio_Vieira_De_Mello_0007.jpg,happiness
914,dwdii,Severino_Antinori_0001.jpg,happiness
915,dwdii,Se_Hyuk_Joo_0001.jpg,neutral
916,dwdii,Shaul_Mofaz_0003.jpg,neutral
917,dwdii,Shawn_Kemp_0001.jpg,happiness
918,dwdii,Sheryl_Crow_0004.jpg,happiness
919,dwdii,Silvio_Berlusconi_0013.jpg,neutral
920,dwdii,Silvio_Berlusconi_0031.jpg,neutral
921,dwdii,Simon_Chalk_0001.jpg,neutral
922,dwdii,Simon_Larose_0001.jpg,surprise
923,dwdii,Slobodan_Milosevic_0001.jpg,neutral
924,dwdii,Sonia_Gandhi_0002.jpg,happiness
925,dwdii,Soon_Yi_0001.jpg,happiness
926,dwdii,Sophia_Loren_0005.jpg,happiness
927,dwdii,Sophie_0001.jpg,happiness
928,dwdii,Stella_McCartney_0001.jpg,neutral
929,dwdii,Stepan_Demirchian_0001.jpg,happiness
930,dwdii,Stephen_Joseph_0001.jpg,neutral
931,dwdii,Steven_Seagal_0002.jpg,neutral
932,dwdii,Steve_Blankenship_0001.jpg,neutral
933,dwdii,Susilo_Bambang_Yudhoyono_0004.jpg,neutral
934,dwdii,Suzanne_Haik_Terrell_0001.jpg,happiness
935,dwdii,Syed_Ibrahim_0001.jpg,neutral
936,dwdii,Tabare_Vazquez_0001.jpg,neutral
937,dwdii,Taha_Yassin_Ramadan_0004.jpg,neutral
938,dwdii,Taha_Yassin_Ramadan_0010.jpg,neutral
939,dwdii,Taku_Yamasaki_0001.jpg,neutral
940,dwdii,Talal_Keenaan_0001.jpg,neutral
941,dwdii,Tali_Imani_0001.jpg,anger
942,dwdii,Tamara_Brooks_0001.jpg,happiness
943,dwdii,Teddy_Kollek_0001.jpg,happiness
944,dwdii,Ted_Christopher_0001.jpg,happiness
945,dwdii,Teresa_Graves_0001.jpg,neutral
946,dwdii,Teresa_Williams_0001.jpg,happiness
947,dwdii,Terrence_Trammell_0001.jpg,happiness
948,dwdii,Terunobu_Maeda_0001.jpg,neutral
949,dwdii,Tex_Ritter_0001.jpg,happiness
950,dwdii,Thomas_Cloyd_0001.jpg,neutral
951,dwdii,Thomas_Rupprath_0002.jpg,happiness
952,dwdii,Tiger_Woods_0021.jpg,happiness
953,dwdii,Tiger_Woods_0023.jpg,sadness
954,dwdii,Timothy_Goebel_0001.jpg,happiness
955,dwdii,Tim_Henman_0001.jpg,anger
956,dwdii,Tim_Robbins_0003.jpg,neutral
957,dwdii,Tina_Brown_0001.jpg,happiness
958,dwdii,Tina_Conner_0001.jpg,happiness
959,dwdii,Tirunesh_Dibaba_0001.jpg,neutral
960,dwdii,Tommy_Franks_0005.jpg,neutral
961,dwdii,Tommy_Franks_0006.jpg,anger
962,dwdii,Tommy_Thompson_0005.jpg,neutral
963,dwdii,Tommy_Thompson_0010.jpg,neutral
964,dwdii,Tomoko_Hagiwara_0001.jpg,happiness
965,dwdii,Tom_Christerson_0001.jpg,neutral
966,dwdii,Tom_Craddick_0003.jpg,neutral
967,dwdii,Tom_Craddick_0004.jpg,happiness
968,dwdii,Tom_Crean_0005.jpg,happiness
969,dwdii,Tom_Daschle_0016.jpg,neutral
970,dwdii,Tom_DeLay_0001.jpg,surprise
971,dwdii,Tom_Harkin_0002.jpg,neutral
972,dwdii,Tom_Harkin_0003.jpg,neutral
973,dwdii,Tom_Welch_0001.jpg,neutral
974,dwdii,Toni_Braxton_0003.jpg,neutral
975,dwdii,Tony_Bennett_0001.jpg,happiness
976,dwdii,Tony_Blair_0003.jpg,happiness
977,dwdii,Tony_Blair_0011.jpg,neutral
978,dwdii,Tony_Blair_0032.jpg,neutral
979,dwdii,Tony_Blair_0034.jpg,neutral
980,dwdii,Tony_Blair_0035.jpg,happiness
981,dwdii,Tony_Blair_0039.jpg,neutral
982,dwdii,Tony_Blair_0041.jpg,happiness
983,dwdii,Tony_Blair_0044.jpg,happiness
984,dwdii,Tony_Blair_0045.jpg,happiness
985,dwdii,Tony_Blair_0057.jpg,happiness
986,dwdii,Tony_Blair_0078.jpg,happiness
987,dwdii,Tony_Blair_0082.jpg,happiness
988,dwdii,Tony_Blair_0083.jpg,neutral
989,dwdii,Tony_Blair_0085.jpg,neutral
990,dwdii,Tony_Blair_0088.jpg,happiness
991,dwdii,Tony_Blair_0091.jpg,happiness
992,dwdii,Tony_Blair_0115.jpg,neutral
993,dwdii,Tony_Blair_0117.jpg,neutral
994,dwdii,Tony_Blair_0121.jpg,happiness
995,dwdii,Tony_Blair_0122.jpg,happiness
996,dwdii,Tony_Blair_0123.jpg,neutral
997,dwdii,Tony_Blair_0125.jpg,happiness
998,dwdii,Tony_Blair_0141.jpg,happiness
999,dwdii,Toutai_Kefu_0001.jpg,neutral
1000,dwdii,Trent_Lott_0006.jpg,neutral
1001,dwdii,Trevor_Watson_0001.jpg,neutral
1002,dwdii,Tubby_Smith_0003.jpg,happiness
1003,dwdii,Tung_Chee-hwa_0005.jpg,happiness
1004,dwdii,Turner_Stevenson_0001.jpg,happiness
1005,dwdii,Vaclav_Klaus_0001.jpg,neutral
1006,dwdii,Valdas_Adamkus_0002.jpg,happiness
1007,dwdii,Valery_Giscard_dEstaing_0003.jpg,neutral
1008,dwdii,Valery_Giscard_dEstaing_0004.jpg,happiness
1009,dwdii,Venus_Williams_0007.jpg,neutral
1010,dwdii,Venus_Williams_0017.jpg,happiness
1011,dwdii,Veronica_Lake_0001.jpg,happiness
1012,dwdii,Vicente_Fox_0001.jpg,neutral
1013,dwdii,Vicente_Fox_0010.jpg,neutral
1014,dwdii,Vicente_Fox_0012.jpg,happiness
1015,dwdii,Vicente_Fox_0028.jpg,neutral
1016,dwdii,Vladimir_Putin_0004.jpg,neutral
1017,dwdii,Vladimir_Putin_0021.jpg,neutral
1018,dwdii,Vladimir_Putin_0028.jpg,neutral
1019,dwdii,Vladimir_Putin_0036.jpg,neutral
1020,dwdii,Vojislav_Kostunica_0003.jpg,neutral
1021,dwdii,Walter_Mondale_0004.jpg,happiness
1022,dwdii,Wanda_Ilene_Barzee_0001.jpg,neutral
1023,dwdii,Wang_Yi_0001.jpg,neutral
1024,dwdii,Wayne_Gretzky_0004.jpg,happiness
1025,dwdii,Wen_Jiabao_0005.jpg,happiness
1026,dwdii,Wen_Jiabao_0009.jpg,happiness
1027,dwdii,Wilbert_Elki_Meza_Majino_0001.jpg,neutral
1028,dwdii,William_Donaldson_0002.jpg,happiness
1029,dwdii,William_Hyde_0001.jpg,happiness
1030,dwdii,William_Martin_0001.jpg,neutral
1031,dwdii,William_Rehnquist_0001.jpg,happiness
1032,dwdii,William_Umbach_0001.jpg,neutral
1033,dwdii,Wilton_Gregory_0001.jpg,neutral
1034,dwdii,Winona_Ryder_0013.jpg,happiness
1035,dwdii,Winona_Ryder_0016.jpg,neutral
1036,dwdii,Win_Aung_0002.jpg,neutral
1037,dwdii,Wu_Yi_0001.jpg,happiness
1038,dwdii,Wu_Yi_0002.jpg,neutral
1039,dwdii,Yao_Ming_0003.jpg,happiness
1040,dwdii,Yekaterina_Guseva_0001.jpg,happiness
1041,dwdii,Yoko_Ono_0003.jpg,neutral
1042,dwdii,Yoriko_Kawaguchi_0006.jpg,neutral
1043,dwdii,Yoriko_Kawaguchi_0014.jpg,neutral
1044,dwdii,Yoshiyuki_Kamei_0001.jpg,neutral
1045,dwdii,Yossi_Beilin_0002.jpg,neutral
1046,dwdii,Zhang_Yimou_0001.jpg,happiness
1047,dwdii,Zoran_Djindjic_0002.jpg,neutral
